sample_id	ploidy	coverage	fitness	stress	tsg	og	ess
sample_1	2.886446019675797	1	-2.0358230121779	-0.4432230098378984	-213.22561729499986	208.29205674099975	-25.432643968000004
