{
  "SimParams": {
    "Seed": 0,
    "RateMean": 89.82,
    "Mixture": "Single",
    "RateDist": "Geometric",
    "AutosomesOnly": true
  },
  "FitParams": {
    "Stress": 37.71744218640556,
    "TsgOg": 0.8569312406481151,
    "Essentiality": 0.22634250620228702,
    "GeneNormalization": false,
    "GeneSet": "Davoli_Select"
  },
  "EvoParams": {
    "Acceptance": 0.5378325406523139,
    "MaxTries": 1000
  },
  "Signatures": [
    {
      "Name": "GainsLossesOnly",
      "Prob": 1,
      "Events": [
        {
          "Type": "InternalDuplication",
          "Prob": 0.5010576391578929,
          "Frac": 0.02925326362739867
        },
        {
          "Type": "InternalDeletion",
          "Prob": 0.20652254338279138,
          "Frac": 0.034997170883033286
        }
      ]
    }
  ]
}
